Change,  860998,  13073
Add,  858726,  13077
Change,  893647,  13077
Change,  839151,  13078
Change,  877925,  13024
Change,  1033003,  15728
Change,  1033170,  13090
Change,  794663,  13084
Change,  987428,  14376
Change,  927366,  13077
Add,  535530,  11092
Add,  816417,  13081
Change,  871463,  13084
Change,  839202,  13088
Change,  1044544,  21476
Change,  942971,  13073
Change,  884954,  13024
Change,  858705,  13024
Change,  884855,  15728
Change,  1056006,  13077
Add,  953799,  13007
Change,  878005,  15249
Change,  919448,  13007
Change,  877937,  13079
Change,  943024,  13066
Change,  1168618,  13081
Change,  942959,  13090
Change,  1079461,  13084
Change,  860982,  13088
Change,  1116299,  13084
Change,  964940,  13081
Change,  999428,  13007
Change,  800663,  13078
Change,  1168617,  13081
Change,  884993,  13091
Change,  885036,  15249
Change,  973309,  13078
Change,  839324,  13007
Change,  1056030,  13081
Change,  1033161,  13077
Change,  1075439,  15862
Add,  867653,  15728
Change,  893588,  13081
Change,  800467,  13088
Change,  839320,  13078
Change,  1075413,  13024
Add,  574045,  11098
Change,  495638,  10988
Change,  839248,  13084
Add,  860973,  13077
Change,  483779,  10418
Change,  987395,  13077
Add,  533129,  11098
Change,  1116284,  14376
Change,  893682,  13048
Change,  942960,  13090
Change,  927395,  14376
Change,  1168579,  17158
Change,  839234,  13078
Change,  1009206,  13081
Add,  511969,  10988
Change,  861003,  13081
Change,  884996,  13073
Change,  942961,  13090
Change,  800287,  13090
Change,  847901,  15728
Add,  867668,  13077
Change,  893582,  13073
Add,  816360,  13084
Add,  867697,  13081
Change,  1075492,  13082
Change,  1033194,  13007
Change,  943073,  13007
Change,  893674,  13081
Change,  987394,  15862
Change,  1033110,  13049
Add,  839283,  13088
Change,  1009162,  15728
Change,  853481,  15862
Change,  800520,  13082
Change,  1033069,  13082
Change,  831392,  13077
Add,  823924,  13077
Add,  964886,  13084
Change,  999428,  13007
Change,  942946,  13079
Change,  1033013,  15862
Change,  893707,  15249
Change,  853361,  14376
Change,  919400,  13077
Change,  1116239,  17158
Change,  943063,  13048
Change,  1033131,  13024
Change,  839356,  13083
Change,  863498,  13049
Change,  1032993,  13024
Add,  1033025,  13088
Change,  1116323,  13049
Change,  1116289,  13078
Change,  999447,  13078
Change,  927364,  13077
Change,  878069,  13073
Change,  942966,  13091
Add,  617872,  10417
Change,  800382,  13090
Change,  1033059,  13007
Change,  1033164,  13088
Change,  885016,  13078
Change,  860956,  13024
Change,  858722,  15862
Change,  853322,  13024
Add,  594137,  10417
Change,  800270,  13073
Change,  893701,  13084
Change,  1157461,  13081
Change,  893551,  13066
Change,  808570,  13007
Change,  884985,  13090
Change,  1044601,  13078
Change,  808564,  13062
Add,  586139,  11098
Add,  542817,  11098
Change,  953762,  13077
Add,  586136,  11092
Change,  884953,  13024
Add,  847776,  13081
Change,  878053,  13088
Add,  853447,  13007
Change,  839258,  15109
Change,  910775,  17158
Change,  831517,  15109
Change,  919383,  13024
Add,  494966,  10988
Change,  847851,  13083
Change,  893553,  13079
Change,  1033068,  13082
Change,  1033153,  15862
Change,  794653,  13062
Change,  860952,  13024
Change,  885035,  15249
Add,  517501,  10988
Change,  878006,  15249
Change,  800361,  12989
Change,  794661,  13084
Change,  884899,  13081
Change,  1009209,  14376
Change,  953745,  15728
Change,  893621,  15249
Change,  794727,  13024
Change,  927413,  13084
Change,  987562,  13088
Add,  557333,  11092
Change,  953741,  17158
Change,  853394,  13024
Change,  1044578,  13088
Change,  839277,  13077
Change,  858754,  13081
Change,  884957,  13024
Add,  617880,  10418
Change,  1033182,  13081
Change,  878044,  15862
Add,  831449,  13089
Change,  1075458,  13073
Change,  884980,  13088
Add,  884960,  15728
Change,  987372,  13024
Add,  1009209,  14376
Change,  884903,  14376
Change,  1185753,  13079
Change,  893590,  13081
Change,  853454,  13084
Add,  858722,  15862
Add,  858750,  13073
Change,  1020271,  15862
Change,  853467,  15728
Add,  533130,  11098
Change,  816312,  13088
Change,  847782,  14376
Add,  861012,  13048
Change,  1157484,  13084
Change,  999438,  13084
Change,  878034,  15728
Change,  884870,  13077
Change,  1116289,  13078
Change,  893584,  13073
Add,  847756,  13077
Change,  839133,  13073
Change,  893604,  13078
Add,  574043,  11098
Change,  943008,  13024
Add,  943033,  13077
Add,  559700,  11098
Change,  884902,  14376
Change,  485634,  10418
Change,  884926,  13082
Change,  877965,  13073
Change,  1075419,  17158
Add,  1033182,  13081
Add,  823986,  13089
Change,  927345,  13024
Add,  500469,  11098
Add,  847759,  13077
Change,  800411,  13062
Change,  800327,  13007
Change,  893691,  13007
Change,  1044595,  14376
Change,  877993,  13007
Add,  884990,  13091
Add,  617871,  10417
Change,  893635,  13066
Change,  1033074,  13077
Add,  839279,  13077
Change,  1168677,  13088
Change,  987397,  13077
Change,  878076,  13081
Change,  860980,  13088
Add,  861039,  15249
Change,  1116234,  21476
Add,  853456,  13082
Add,  594324,  10417
Change,  878004,  15249
Change,  1033035,  13073
Change,  831435,  13007
Change,  893639,  13079
Change,  853456,  13082
Change,  1033019,  13077
Change,  483737,  10418
Add,  542821,  11098
Change,  877945,  13077
Change,  987501,  13073
Change,  1009223,  13007
Change,  878066,  13073
Change,  839100,  13024
Change,  878076,  13081
Change,  847759,  13077
Change,  816300,  13079
Change,  816605,  15109
Change,  884860,  13066
Add,  831407,  13091
Change,  808545,  13081
Change,  1100094,  13024
Change,  942940,  15728
Change,  1033131,  13024
Change,  893626,  13024
Change,  800420,  13007
Add,  793829,  13049
Add,  800507,  13062
Change,  942932,  17158
Change,  861019,  13078
Change,  878050,  13077
Change,  942952,  15862
Change,  847767,  13090
Add,  710590,  12988
Change,  853477,  15862
Change,  943032,  15862
Change,  908474,  13066
Change,  878094,  13007
Change,  839320,  13078
Change,  893612,  13084
Change,  884971,  15862
Add,  578841,  11098
Change,  794635,  13048
Change,  800295,  13091
Change,  884941,  13077
Change,  1075460,  13073
Change,  878103,  13082
Change,  893611,  13084
Add,  566904,  11092
Change,  877998,  13084
Add,  858730,  13077
Change,  1033016,  15862
Change,  927429,  17158
Change,  1033098,  21476
Add,  808524,  13077
Change,  823944,  13081
Change,  839151,  13078
Change,  861011,  13048
Add,  839330,  13084
Change,  1033177,  13081
Change,  878033,  15728
Change,  839335,  13082
Add,  808523,  13077
Change,  953769,  13091
Add,  533124,  11092
Change,  861021,  13007
Change,  893636,  13066
Add,  506108,  10988
Change,  884871,  13077
Change,  483773,  10417
Add,  499297,  11092
Change,  878044,  15862
Change,  885050,  13073
Change,  878086,  13078
Change,  1075463,  13081
Change,  999435,  13084
Add,  593320,  10418
Change,  893642,  15862
Change,  893655,  13088
Change,  853335,  13077
Change,  893688,  13078
Change,  853373,  13078
Change,  1044668,  17158
Add,  566905,  11098
Add,  651258,  10417
Change,  1009173,  15862
Change,  884959,  15728
Change,  1020289,  13091
Change,  800366,  13073
Add,  509603,  11092
Change,  953758,  13077
Change,  893677,  14376
Add,  574038,  11092
Change,  794649,  13007
Change,  1033084,  13082
Change,  861013,  13048
Change,  853440,  13078
Change,  999442,  13082
Change,  877977,  14376
Change,  884877,  13088
Change,  794652,  13062
Change,  942958,  13090
Change,  794732,  13024
Add,  501252,  11098
Change,  942973,  13081
Change,  884905,  13048
Add,  1009168,  13066
Add,  552475,  10988
Delete,  613186,  10417
Change,  999431,  13007
Change,  839108,  13066
Change,  893598,  13048
Delete,  617068,  10417
Change,  1033041,  13081
Change,  927419,  13082
Change,  816357,  13084
Change,  885011,  13048
Change,  893562,  13077
Change,  853335,  13077
Add,  861025,  13007
Change,  1100183,  13077
Add,  816330,  13081
Change,  800475,  13090
Add,  559698,  11098
Change,  987519,  13078
Change,  884960,  15728
Change,  893579,  13091
Add,  517504,  11092
Add,  533117,  10988
Change,  919392,  13066
Add,  593449,  10418
Change,  1100162,  13007
Add,  594145,  10418
Change,  800656,  13091
Change,  878005,  15249
Add,  839313,  13048
Change,  878087,  13078
Change,  1033035,  13073
Change,  893688,  13078
Change,  893577,  13091
Change,  893678,  14376
Add,  574046,  11098
Change,  794642,  13078
Change,  927419,  13082
Change,  1116308,  13083
Change,  1009172,  13079
Add,  552484,  11092
Add,  583689,  11092
Change,  853425,  13081
Change,  861016,  13078
Change,  884895,  13081
Change,  853448,  13007
Add,  533121,  10988
Add,  800455,  13073
Change,  884920,  13084
Change,  953794,  13078
Change,  860966,  13079
Add,  808576,  13084
Change,  794636,  13048
Change,  1033029,  13090
Change,  1100100,  21476
Change,  885051,  15728
Change,  794653,  13062
Change,  861024,  13007
Add,  571673,  11098
Add,  823958,  13078
Change,  884911,  13078
Change,  1032998,  17158
Change,  953770,  13091
Change,  943055,  13081
Change,  1044578,  13088
Change,  1009218,  13078
Add,  574033,  10988
Change,  943043,  13091
Change,  885029,  13084
Change,  1116260,  13077
Add,  987467,  15728
Change,  1033152,  15862
Change,  953751,  13079
Change,  794683,  14376
Change,  893612,  13084
Change,  1033015,  15862
Change,  893540,  13024
Change,  1033141,  15728
Change,  877958,  13091
Change,  893651,  13088
Add,  816310,  13077
Change,  943051,  13073
Add,  893700,  13084
Change,  839297,  13073
Change,  831395,  13088
Change,  893679,  14376
Change,  794629,  13081
Change,  884988,  13090
Change,  794637,  13048
Change,  908488,  13077
Change,  839313,  13048
Change,  893551,  13066
Change,  794669,  13082
Change,  839333,  13082
Change,  893656,  13090
Change,  1168590,  13066
Change,  1020398,  13078
Change,  999479,  13084
Change,  1157435,  13066
Add,  878085,  13048
Add,  557342,  11098
Add,  574032,  10988
Change,  847764,  13088
Change,  1116283,  14376
Change,  1157434,  13066
Change,  943060,  14376
Add,  853459,  13082
Change,  794654,  13062
Change,  1075485,  13084
Change,  861019,  13078
Change,  794656,  13084
Add,  823972,  13084
Add,  542807,  10988
Change,  987431,  13048
Change,  943063,  13048
Add,  559694,  11092
Change,  884848,  13024
Change,  919420,  13073
Change,  987383,  15728
Change,  893606,  13007
Change,  942949,  15862
Add,  867706,  13048
Change,  893614,  13084
Change,  942931,  13024
Change,  885050,  13073
Change,  919402,  13077
Change,  1044596,  14376
Change,  489866,  10417
Change,  800481,  13091
Change,  1033141,  15728
Change,  1116273,  13073
Change,  816366,  13082
Change,  487757,  10417
Change,  800524,  13082
Change,  867709,  13078
Change,  861000,  13081
Add,  578834,  10988
Change,  800504,  13062
Change,  893620,  13082
Add,  853409,  13077
Change,  867657,  13066
Change,  861023,  13007
Change,  884901,  14376
Add,  1100126,  13077
Change,  831558,  13049
Change,  794641,  13078
Change,  964842,  13088
Change,  839212,  13091
Change,  867667,  13077
Change,  861026,  13007
Change,  877923,  13024
Change,  919448,  13007
Add,  1009206,  13081
Change,  1157525,  13072
Change,  858848,  13078
Change,  853338,  13077
Change,  485223,  10418
Change,  877963,  13073
Change,  884998,  13073
Change,  885032,  13082
Change,  943096,  13091
Change,  800504,  13062
Change,  893574,  13090
Add,  557328,  10988
Change,  794637,  13048
Change,  953746,  15728
Change,  884909,  13078
Change,  942990,  13007
Change,  884999,  13081
Change,  893588,  13081
Change,  927381,  13091
Add,  550024,  11098
Add,  559697,  11098
Change,  1185751,  13066
Change,  942992,  13007
Add,  509600,  11092
Change,  853328,  13079
Change,  884975,  13077
Change,  800484,  13081
Change,  953800,  13007
Change,  884874,  13088
Add,  617879,  10418
Change,  1033051,  13078
Change,  884941,  13077
Change,  1033173,  13073
Change,  1168622,  14376
Change,  893708,  15249
Add,  878058,  13090
Change,  953796,  13007
Change,  1100101,  21476
Change,  885018,  13078
Change,  1009208,  13081
Change,  1009184,  13088
Change,  861040,  15249
Change,  853427,  13081
Change,  893558,  15862
Change,  1100144,  13081
Change,  860959,  15728
Change,  1079441,  13081
Change,  800663,  13078
Change,  831414,  14376
Add,  500462,  11092
Change,  884856,  15728
Change,  877949,  13088
Change,  884954,  13024
Change,  839268,  13024
Change,  483773,  10417
Add,  1100100,  21476
Change,  899730,  13073
Change,  853485,  15249
Change,  1033160,  13077
Add,  574045,  11098
Delete,  498106,  10418
Change,  953739,  17158
Add,  554854,  10988
Change,  853370,  13078
Change,  1100144,  13081
Change,  816414,  13089
Change,  831451,  13089
Add,  506710,  11098
Change,  794641,  13078
Change,  1157411,  13024
Add,  533127,  11098
Change,  942995,  13007
Change,  1100186,  13073
Change,  942982,  14376
Add,  853406,  13077
Change,  1044605,  13078
Add,  953757,  15862
Change,  1020250,  13024
Change,  884861,  13066
Change,  893600,  13078
Change,  878084,  13048
Change,  847743,  13024
Change,  1009189,  13090
Change,  1033039,  13081
Add,  884958,  15728
Change,  861007,  14376
Change,  884981,  13088
Add,  1033026,  13088
Change,  910776,  17158
Change,  943074,  13007
Change,  839304,  13081
Add,  867672,  13077
Change,  878125,  13049
Change,  861005,  13081
Change,  800370,  13077
Change,  1157492,  13083
Change,  884926,  13082
Add,  823958,  13078
Change,  1033014,  15862
Change,  1033179,  13081
Change,  943065,  13078
Change,  942970,  13073
Add,  808574,  13084
Add,  511969,  10988
Add,  908553,  13077
Add,  566906,  11098
Change,  495634,  10988
Change,  1044543,  21476
Add,  574035,  10988
Add,  831395,  13088
Add,  550023,  11092
Change,  485222,  10417
Add,  867685,  13091
Change,  877922,  13024
Change,  1033050,  13078
Change,  884904,  13048
Change,  943047,  13091
Change,  1009228,  13084
Change,  893651,  13088
Add,  823956,  13048
Add,  847765,  13088
Change,  1101894,  12989
Change,  1020303,  13081
Change,  953772,  13091
Change,  893583,  13073
Change,  1116230,  13024
Change,  893542,  13024
Add,  823978,  13082
Change,  943080,  13084
Change,  808580,  13082
Change,  794651,  13062
Add,  808556,  13048
Change,  816340,  13048
Add,  987536,  13082
Change,  853419,  13090
Change,  853412,  13088
Add,  964819,  17158
Change,  1009190,  13090
Change,  1033047,  14376
Add,  816318,  13090
Change,  794730,  13024
Change,  919455,  13084
Change,  839257,  15109
Change,  1075417,  21476
Change,  893620,  13082
Change,  943036,  13077
Change,  953751,  13079
Add,  525192,  11098
Change,  800386,  13091
Change,  877924,  13024
Change,  1009198,  13073
Change,  861039,  15249
Add,  823926,  13077
Change,  794733,  13062
Change,  853378,  13007
Change,  839384,  15728
Add,  858722,  15862
Change,  853351,  13091
Change,  1116303,  13082
Change,  893714,  15728
Change,  794732,  13024
Change,  839323,  13007
Add,  613190,  10418
Change,  839305,  13081
Change,  919400,  13077
Add,  800455,  13073
Change,  943096,  13091
Add,  861012,  13048
Change,  943068,  13078
Add,  793829,  13049
Change,  839199,  13077
Change,  893649,  13077
Change,  877939,  15862
Change,  1033082,  13083
Change,  1033209,  13082
Change,  823968,  13007
Change,  999373,  15728
Change,  953773,  13073
Change,  831434,  13007
Add,  816310,  13077
Change,  1033205,  13082
Change,  1020268,  15862
Add,  571663,  10988
Change,  893678,  14376
Change,  893641,  15862
Change,  794626,  13081
Change,  1033154,  15862
Change,  808571,  13007
Change,  1075473,  13078
Change,  484968,  10417
Change,  893682,  13048
Change,  1033037,  13073
Change,  858773,  13078
Change,  847769,  13090
Change,  884884,  13091
Change,  839279,  13077
Change,  853377,  13007
Change,  893655,  13088
Change,  877928,  15728
Change,  893664,  13091
Change,  794635,  13048
Change,  919448,  13007
Change,  884930,  15249
Change,  853456,  13082
Change,  893697,  13084
Change,  839242,  13007
Change,  853359,  14376
Change,  800336,  13082
Change,  860990,  13091
Change,  1171885,  13048
Change,  794656,  13084
Add,  557331,  10988
Change,  1044562,  13079
Add,  867728,  13082
Change,  884889,  13073
Change,  942968,  13073
Add,  525181,  10988
Change,  800495,  13048
Change,  1100150,  14376
Change,  893563,  13077
Change,  1129854,  21476
Change,  1033058,  13007
Change,  919398,  15862
Change,  839198,  13077
Change,  800438,  13089
Add,  542818,  11098
Change,  794651,  13062
Add,  839284,  13088
Change,  999433,  13007
Add,  566903,  11092
Change,  884979,  13088
Change,  1033135,  13024
Add,  1033027,  13088
Change,  1157426,  15728
Change,  498112,  10418
Change,  847786,  13048
Change,  853323,  13024
Change,  831413,  14376
Add,  1079441,  13081
Change,  823954,  13048
Add,  517504,  11092
Change,  858732,  13077
Change,  1144209,  13066
Change,  987406,  13090
Change,  1075417,  21476
Change,  1033053,  13078
Delete,  617503,  10417
Change,  1157487,  13082
Change,  953744,  15728
Change,  953810,  13082
Change,  943003,  13082
Change,  800350,  13024
Change,  794733,  13062
Change,  884912,  13078
Add,  823978,  13082
Change,  1079418,  13077
Change,  831410,  13081
Change,  884884,  13091
Change,  885007,  14376
Change,  839288,  13090
Change,  794673,  13089
Add,  867691,  13073
Change,  847810,  13082
Change,  884850,  13024
Change,  860987,  13090
Change,  884908,  13048
Change,  485632,  10418
Change,  861031,  13084
Change,  877996,  13084
Change,  794637,  13048
Change,  1075468,  14376
Add,  658780,  10417
Change,  893683,  13048
Change,  943009,  13024
Add,  919473,  13084
Change,  878101,  13084
Change,  999507,  13049
Change,  861029,  13084
Add,  867666,  15862
Change,  877959,  13091
Change,  884852,  13024
Add,  964824,  15728
Change,  1044580,  13090
Change,  1033084,  13082
Change,  893543,  13024
Change,  847757,  13077
Change,  1157464,  13081
Change,  884923,  13084
Change,  1033153,  15862
Change,  878001,  13082
Change,  794635,  13048
Change,  1144215,  15862
Change,  878002,  13082
Add,  593316,  10417
Change,  884992,  13091
Add,  1044546,  21476
Change,  893541,  13024
Add,  885037,  15249
Change,  808572,  13084
Change,  847809,  13082
Delete,  498107,  10418
Change,  485628,  10417
Add,  533126,  11092
Add,  506705,  11092
Change,  885066,  13048
Change,  858856,  13049
Change,  893694,  13007
Add,  858770,  13078
Change,  943021,  15728
Change,  839224,  13081
Change,  860994,  13091
Change,  999427,  13078
Change,  884984,  13090
Add,  653649,  10417
Add,  823973,  13084
Change,  860986,  13090
Add,  500468,  11098
Add,  517506,  11092
Change,  853354,  13081
Add,  831439,  13084
Change,  794727,  13024
Change,  1033177,  13081
Change,  853488,  13078
Change,  987369,  13024
Change,  1032994,  13024
Change,  816334,  14376
Change,  1116243,  15728
Add,  893685,  13048
Change,  884879,  13090
Add,  839293,  13091
Add,  964863,  13081
Change,  794723,  12988
Change,  1009169,  13066
Change,  483778,  10418
Change,  1033180,  13081
Change,  942992,  13007
Change,  999431,  13007
Change,  1075424,  15728
Add,  867666,  15862
Change,  893583,  13073
Add,  535532,  11092
Change,  853352,  13091
Add,  1009224,  13007
Change,  893599,  13048
Delete,  498108,  10418
Change,  943026,  13079
Change,  999440,  13082
Change,  1075434,  13079
Change,  485222,  10417
Add,  492748,  10417
Change,  871454,  13077
Change,  1033191,  13078
Change,  893558,  15862
Add,  847787,  13048
Change,  1116266,  13088
Change,  1157451,  13090
Change,  884926,  13082
Change,  893661,  13091
Add,  858730,  13077
Change,  1033066,  13082
Add,  557333,  11092
Change,  893589,  13081
Change,  943037,  13077
Add,  574044,  11098
Change,  1033061,  13084
Change,  871454,  13077
Change,  823984,  13089
Change,  893565,  13088
Change,  839212,  13091
Change,  853353,  13091
Add,  574040,  11092
Change,  942998,  13084
Change,  808528,  13088
Add,  831408,  13081
Change,  808567,  13007
Change,  853469,  15728
Change,  999435,  13084
Change,  853443,  13078
Change,  1100140,  13073
Change,  800423,  13084
Change,  885033,  13082
Change,  878075,  13081
Change,  884975,  13077
Add,  498107,  10418
Change,  884895,  13081
Add,  867664,  15862
Add,  542808,  10988
Change,  800457,  13073
Change,  484974,  10418
Add,  1020273,  13077
Add,  576478,  11092
Change,  884884,  13091
Change,  884917,  13007
Add,  808558,  13078
Change,  999507,  13049
Change,  999438,  13084
Add,  550024,  11098
Change,  884854,  15728
Add,  800492,  13048
Add,  847765,  13088
Add,  953787,  14376
Change,  877961,  13091
Change,  893612,  13084
Change,  893563,  13077
Change,  800524,  13082
Change,  1044558,  13066
Change,  893648,  13077
Add,  839344,  15249
Change,  794639,  13078
Change,  999507,  13049
Add,  823924,  13077
Change,  1009169,  13066
Change,  878055,  13088
Change,  893662,  13091
Change,  1009222,  13007
Change,  884975,  13077
Change,  878088,  13078
Change,  1033024,  13088
Change,  919398,  15862
Add,  823972,  13084
Change,  942953,  13077
Change,  497910,  10418
Add,  793829,  13049
Change,  943069,  13078
Add,  878739,  13088
Change,  794661,  13084
Add,  505568,  11098
Change,  1020336,  13073
Change,  1033154,  15862
Change,  919379,  13024
Change,  794635,  13048
Change,  885033,  13082
Change,  885075,  13024
Change,  927411,  13007
Change,  1116282,  14376
Change,  893608,  13007
Change,  1100103,  21476
Change,  1044562,  13079
Change,  893705,  13082
Add,  566895,  10988
Add,  550028,  11098
Add,  893688,  13078
Change,  943071,  13007
Change,  839146,  13048
Change,  839325,  13007
Add,  794653,  13062
Change,  794647,  13007
Change,  1009227,  13084
Change,  893666,  13073
Change,  1020299,  13081
Change,  999430,  13007
Change,  1100112,  15728
Change,  831377,  13024
Change,  800264,  13066
Change,  1116264,  13088
Change,  1075492,  13082
Add,  831395,  13088
Add,  793897,  13066
Add,  831405,  13091
Change,  1185742,  15728
Change,  831415,  14376
Change,  860959,  15728
Add,  800455,  13073
Change,  800288,  13090
Change,  943079,  13084
Change,  927384,  13073
Add,  527752,  11092
Change,  987417,  13073
Change,  794666,  13082
Change,  800515,  13084
Change,  1009182,  13077
Add,  839343,  15249
Add,  1020321,  13084
Change,  1020257,  15728
Change,  1033042,  13081
Change,  794635,  13048
Change,  943030,  15862
Change,  1009208,  13081
Change,  1116288,  13078
Add,  658778,  10417
Change,  893645,  15862
Change,  884928,  13082
Change,  919436,  13048
Change,  878062,  13091
Add,  1033041,  13081
Change,  1100190,  15862
Change,  999438,  13084
Add,  658511,  10417
Change,  831445,  13082
Add,  943033,  13077
Change,  1116285,  14376
Add,  557335,  11092
Add,  593320,  10418
Add,  987536,  13082
Add,  649525,  10417
Add,  808586,  13089
Change,  884882,  13090
Add,  576484,  11098
Change,  877940,  15862
Change,  878090,  13078
Change,  794652,  13062
Add,  847762,  13088
Change,  884984,  13090
Change,  1116277,  13081
Change,  942970,  13073
Change,  861025,  13007
Change,  863498,  13049
Change,  893574,  13090
Change,  860972,  15862
Change,  839155,  13078
Change,  953733,  13024
Add,  1033025,  13088
Change,  1033197,  13007
Change,  943028,  15862
Change,  794732,  13024
Change,  1157441,  15862
Change,  1033041,  13081
Change,  823964,  13062
Change,  927384,  13073
Change,  1116258,  15862
Change,  1116239,  17158
Add,  816318,  13090
Change,  839111,  13079
Change,  893691,  13007
Change,  893539,  13024
Change,  794650,  13007
Add,  574041,  11092
Change,  884908,  13048
Change,  1100163,  13007
Add,  517506,  11092
Change,  877998,  13084
Add,  658512,  10417
Change,  999426,  13078
Add,  566906,  11098
Change,  884927,  13082
Change,  1075472,  13048
Change,  861002,  13081
Change,  878075,  13081
Change,  860999,  13073
Change,  1079443,  14376
Change,  808579,  13082
Change,  943009,  13024
Change,  964877,  13078
Change,  893589,  13081
Change,  885025,  13084
Change,  884955,  13024
Change,  987442,  13007
Add,  649091,  10418
Change,  942927,  13024
Change,  853400,  13079
Add,  816342,  13078
Change,  853482,  13083
Add,  658776,  10417
Change,  853338,  13077
Change,  953755,  15862
Change,  861002,  13081
Change,  858848,  13078
Change,  927386,  13073
Change,  847773,  13091
Change,  884930,  15249
Change,  987442,  13007
Change,  884863,  13079
Change,  877998,  13084
Change,  893629,  13024
Change,  987440,  13007
Change,  1100149,  14376
Change,  853349,  13090
Change,  885062,  15862
Change,  885033,  13082
Change,  794649,  13007
Change,  884854,  15728
Add,  552485,  11098
Change,  1033224,  21476
Change,  1157454,  13090
Change,  877950,  13088
Change,  893544,  15728
Add,  861017,  13078
Change,  999424,  13078
Change,  999432,  13007
Change,  860958,  15728
Add,  498110,  10418
Change,  893661,  13091
Add,  800507,  13062
Change,  794666,  13082
Add,  1100165,  13084
Change,  1075459,  13073
Change,  831374,  13024
Add,  557328,  10988
Change,  1116230,  13024
Change,  885051,  15728
Change,  884888,  13091
Change,  999437,  13084
Change,  893690,  13078
Change,  987392,  15862
Add,  1044537,  13024
Change,  893655,  13088
Change,  1144276,  13077
Change,  893682,  13048
Change,  884878,  13088
Change,  885016,  13078
Change,  1044614,  13084
Add,  908495,  13090
Change,  1116336,  13078
Change,  1116244,  15728
Change,  893724,  13049
Change,  884962,  15728
Change,  839383,  15728
Add,  557336,  11092
Change,  860970,  15862
Change,  999432,  13007
Change,  839304,  13081
Change,  1033065,  13084
Change,  860959,  15728
Change,  839307,  14376
Change,  987510,  13081
Change,  987526,  13007
Change,  860984,  13088
Change,  794732,  13024
Change,  893616,  13082
Change,  943043,  13091
Change,  1157645,  13072
Change,  884855,  15728
Change,  853433,  14376
Change,  893639,  13079
Change,  953742,  15728
Change,  853459,  13082
Change,  839220,  13081
Change,  1009180,  13077
Add,  535531,  11092
Change,  1157462,  13081
Change,  794648,  13007
Change,  860992,  13091
Change,  794650,  13007
Change,  1100123,  15862
Change,  1033208,  13082
Change,  877990,  13007
Change,  884871,  13077
Change,  800269,  12989
Add,  574041,  11092
Change,  853411,  13088
Change,  853482,  13083
Change,  893597,  13048
Change,  943053,  13081
Add,  1033060,  13007
Change,  878088,  13078
Change,  927356,  13079
Change,  1075456,  13073
Change,  847799,  13007
Change,  1157437,  13079
Change,  853438,  13048
Change,  884927,  13082
Change,  987471,  13066
Change,  1009170,  13066
Change,  1020273,  13077
Add,  853406,  13077
Change,  942968,  13073
Change,  919557,  17158
Add,  823973,  13084
Add,  550022,  11092
Change,  1033153,  15862
Add,  823971,  13007
Add,  571671,  11092
Add,  884974,  13077
Add,  884969,  15862
Change,  973381,  13073
Change,  877999,  13082
Change,  987490,  13090
Change,  884917,  13007
Change,  987535,  13082
Change,  987387,  13066
Change,  885051,  15728
Change,  893563,  13077
Change,  861018,  13078
Change,  847844,  13083
Add,  885011,  13048
Change,  893574,  13090
Change,  800416,  13007
Change,  853397,  13066
Change,  884885,  13091
Change,  884996,  13073
Change,  839384,  15728
Add,  517502,  10988
Change,  878053,  13088
Add,  839279,  13077
Change,  1157485,  13084
Change,  483773,  10417
Change,  885028,  13084
Change,  1100175,  13083
Change,  942951,  15862
Change,  878137,  15249
Change,  884894,  13081
Change,  893697,  13084
Add,  831422,  13048
Change,  1185787,  13048
Change,  1009192,  13090
Change,  853350,  13091
Change,  794671,  13089
Add,  867702,  14376
Change,  878056,  13090
Change,  884871,  13077
Change,  884886,  13091
Change,  1116302,  13084
Add,  651110,  10417
Change,  877948,  13088
Change,  839186,  13024
Add,  823932,  13088
Change,  884891,  13073
Change,  800360,  13079
Change,  893602,  13078
Change,  1009216,  13078
Change,  893626,  13024
Add,  839285,  13088
Add,  617506,  10418
Change,  853328,  13079
Add,  847802,  13084
Change,  1144299,  13072
Add,  831429,  13062
Change,  1075444,  13077
Add,  877942,  15862
Change,  853463,  15728
Change,  942977,  13081
Change,  885070,  13083
Add,  542809,  10988
Change,  943084,  13082
Change,  919386,  15728
Change,  884957,  13024
Change,  877934,  13066
Change,  927366,  13077
Change,  953805,  13084
Change,  794641,  13078
Change,  839247,  13084
Change,  893704,  13082
Change,  893667,  13073
Change,  860978,  13077
Delete,  616567,  10417
Change,  884962,  15728
Change,  893677,  14376
Change,  927390,  13081
Change,  839313,  13048
Change,  927388,  13081
Add,  919428,  13081
Add,  816318,  13090
Change,  893587,  13081
Change,  1009221,  13007
Add,  500455,  10988
Change,  1116267,  13090
Change,  1116279,  13081
Change,  878067,  13073
Add,  574046,  11098
Add,  816314,  13088
Change,  1075452,  13090
Change,  893687,  13078
Change,  1168679,  13072
Change,  884910,  13078
Change,  953783,  13081
Change,  1009185,  13088
Add,  658780,  10417
Change,  794649,  13007
Add,  953764,  13090
Change,  999427,  13078
Change,  893589,  13081
Add,  617507,  10418
Change,  1033023,  13088
Add,  498108,  10418
Change,  853477,  15862
Change,  884995,  13073
Change,  1033054,  13078
Change,  794646,  13007
Change,  861016,  13078
Change,  847767,  13090
Change,  893573,  13090
Change,  794730,  13024
Change,  1033149,  13066
Change,  878070,  13073
Change,  893688,  13078
Change,  1009182,  13077
Change,  860977,  13077
Change,  860995,  13073
Change,  943019,  15728
Add,  816318,  13090
Change,  884914,  13007
Change,  1033142,  15728
Change,  839178,  15249
Add,  816324,  13091
Delete,  617066,  10417
Change,  1157418,  21476
Change,  942983,  13048
Change,  1116258,  15862
Add,  823929,  13088
Change,  1033017,  15862
Add,  613188,  10418
Change,  884924,  13084
Add,  593445,  10417
Add,  498108,  10418
Add,  613190,  10418
Change,  999504,  13049
Change,  1116258,  15862
Add,  562109,  11092
Add,  839343,  15249
Change,  942967,  13091
Change,  847767,  13090
Change,  919391,  13066
Change,  1075435,  13079
Change,  942950,  15862
Change,  884931,  15249
Change,  1185759,  13077
Change,  1144213,  13079
Change,  1020282,  13088
Add,  860971,  15862
Change,  1009176,  15862
Change,  847779,  13081
Change,  884920,  13084
Change,  861019,  13078
Add,  533128,  11098
Add,  593318,  10417
Change,  860963,  13066
Change,  999438,  13084
Change,  919444,  13078
Change,  943036,  13077
Change,  942976,  13081
Change,  853404,  13073
Change,  885071,  13083
Change,  893576,  13091
Change,  1009235,  13082
Change,  884858,  13066
Change,  893599,  13048
Add,  533125,  11092
Change,  1157442,  15862
Add,  999386,  13077
Change,  987440,  13007
Change,  1033000,  17158
Add,  885004,  13081
Change,  1116336,  13078
Change,  999429,  13007
Change,  853333,  13073
Change,  942967,  13091
Change,  1185769,  13090
Add,  557328,  10988
Change,  893663,  13091
Change,  1033131,  13024
Change,  893678,  14376
Change,  800663,  13078
Change,  1020295,  13073
Change,  800528,  13089
Add,  808573,  13084
Add,  578842,  11098
Change,  877967,  13073
Add,  823938,  13091
Add,  867668,  13077
Change,  893563,  13077
Change,  885005,  14376
Change,  808515,  13066
Change,  831387,  13073
Add,  502185,  10988
Change,  942984,  13048
Change,  860966,  13079
Change,  1144212,  13079
Change,  877980,  13048
Change,  953803,  13084
Add,  867733,  15249
Change,  800468,  13088
Add,  628976,  10418
Add,  831408,  13081
Change,  893659,  13090
Change,  1033136,  17158
Change,  1116264,  13088
Change,  1157427,  15728
Change,  927383,  13073
Change,  885034,  13082
Change,  1157427,  15728
Change,  839171,  13082
Change,  884909,  13078
Change,  884887,  13091
Change,  884907,  13048
Change,  861024,  13007
Change,  885031,  13082
Change,  839312,  13048
Change,  860987,  13090
Add,  525178,  10988
Change,  860980,  13088
Change,  884889,  13073
Add,  574035,  10988
Change,  884970,  15862
Change,  927343,  13024
Add,  884966,  13066
Change,  884914,  13007
Change,  1009231,  13082
Add,  800472,  13090
Change,  794642,  13078
Change,  942997,  13084
Add,  816324,  13091
Change,  878094,  13007
Change,  1033199,  13007
Change,  1033020,  13077
Change,  839195,  13077
Change,  794648,  13007
Add,  550020,  11092
Change,  823948,  14376
Add,  793895,  13066
Change,  1100139,  13073
Add,  566898,  10988
Change,  919408,  13088
Change,  800274,  13073
Change,  884973,  15862
Change,  1044597,  14376
Change,  987428,  14376
Change,  877934,  13066
Change,  878046,  13077
Add,  593452,  10418
Change,  878076,  13081
Change,  893606,  13007
Change,  1157475,  13078
Change,  1075439,  15862
Add,  542821,  11098
Change,  884924,  13084
Change,  877965,  13073
Change,  885025,  13084
Change,  839297,  13073
Add,  509606,  11098
Change,  1033061,  13084
Change,  1100096,  13024
Add,  574038,  11092
Change,  816352,  13007
Change,  884890,  13073
Change,  1100094,  13024
Change,  987418,  13073
Add,  1033055,  13007
Change,  831386,  13073
Change,  999439,  13082
Add,  583684,  10988
Add,  617873,  10417
Change,  927376,  13090
Change,  1033066,  13082
Add,  953803,  13084
Change,  1075466,  13081
Change,  884973,  15862
Change,  831395,  13088
Change,  839291,  13090
Add,  559688,  10988
Change,  853441,  13078
Change,  884921,  13084
Change,  893659,  13090
Change,  794637,  13048
Change,  877933,  13066
Change,  1033134,  13024
Change,  794647,  13007
Add,  594145,  10418
Change,  919431,  14376
Change,  884853,  15728
Change,  885009,  13048
Add,  861017,  13078
Change,  877960,  13091
Change,  1033000,  17158
Add,  823942,  13081
Add,  500466,  11098
Add,  839324,  13007
Change,  919399,  15862
Change,  999441,  13082
Change,  1009170,  13066
Change,  999433,  13007
Change,  853485,  15249
Change,  794634,  13048
Delete,  498108,  10418
Add,  594328,  10418
Change,  987421,  13081
Change,  884996,  13073
Change,  893622,  15249
Change,  893587,  13081
Change,  927404,  13078
Change,  987373,  13024
Change,  800524,  13082
Change,  927369,  13088
Change,  1157451,  13090
Change,  853433,  14376
Change,  1079384,  13024
Change,  1075460,  13073
Add,  867732,  15249
Change,  853420,  13090
Change,  808563,  13062
Add,  899722,  13090
Change,  858764,  13048
Change,  861028,  13084
Change,  839262,  15249
Add,  800663,  13078
Change,  794646,  13007
Change,  884852,  13024
Change,  853363,  14376
Change,  884999,  13081
Change,  884969,  15862
Delete,  667961,  10417
Change,  839258,  15109
Change,  884859,  13066
Add,  858731,  13077
Change,  1033165,  13088
Change,  1009192,  13090
Change,  885034,  13082
Change,  860981,  13088
Add,  554857,  11092
Change,  853361,  14376
Change,  1033053,  13078
Change,  885068,  13083
Change,  927400,  13048
Add,  550025,  11098
Change,  823943,  13081
Change,  800462,  13077
Change,  860952,  13024
Add,  557341,  11098
Change,  853406,  13077
Change,  1033175,  13073
Add,  823926,  13077
Add,  571663,  10988
Change,  1100134,  13090
Change,  794681,  14376
Change,  860969,  15862
Change,  943020,  15728
Add,  550021,  11092
Change,  893645,  15862
Change,  1144229,  13090
Change,  1033023,  13088
Change,  999435,  13084
Change,  987389,  13079
Add,  557329,  10988
Change,  800284,  13088
Add,  800526,  13089
Change,  800482,  13081
Change,  831446,  13082
Change,  927401,  13048
Change,  877978,  13048
Change,  1144308,  13049
Change,  884912,  13078
Add,  500462,  11092
Change,  884886,  13091
Delete,  498110,  10418
Add,  492747,  10417
Change,  885030,  13082
Change,  1116244,  15728
Change,  943036,  13077
Change,  943056,  13081
Change,  878052,  13088
Change,  1009225,  13007
Add,  884979,  13088
Change,  839301,  13073
Change,  919448,  13007
Change,  1033054,  13078
Change,  987437,  13007
Add,  649094,  10417
Change,  1075484,  13084
Add,  550021,  11092
Change,  884975,  13077
Change,  973375,  13091
Add,  574033,  10988
Change,  919416,  13091
Change,  893634,  15728
Change,  831540,  13007
Change,  853377,  13007
Change,  816318,  13090
Change,  884916,  13007
Add,  800455,  13073
Change,  893605,  13007
Change,  867711,  13078
Change,  861040,  15249
Add,  545206,  11098
Change,  1033139,  17158
Change,  1033158,  13077
Change,  964913,  13082
Add,  574036,  10988
Change,  919441,  13078
Change,  884969,  15862
Add,  853460,  13082
Change,  919380,  13024
Change,  973268,  15862
Change,  1075487,  13084
Change,  877994,  13084
Add,  593587,  10417
Change,  919391,  13066
Change,  919438,  13048
Change,  927370,  13088
Change,  1168587,  13066
Change,  1168618,  13081
Change,  893680,  14376
Change,  919447,  13007
Change,  860953,  13024
Change,  884955,  13024
Change,  919455,  13084
Change,  861032,  13082
Change,  927351,  13066
Change,  853372,  13078
Change,  953775,  13073
Change,  893709,  15249
Add,  566906,  11098
Change,  987511,  14376
Change,  893715,  13081
Add,  1056014,  13088
Add,  557330,  10988
Change,  649090,  10418
Change,  853439,  13048
Change,  858750,  13073
Change,  878047,  13077
Change,  1044537,  13024
Change,  853363,  14376
Add,  861020,  13078
Change,  893715,  13081
Add,  927398,  13048
Change,  1033173,  13073
Change,  1075441,  13077
Change,  824071,  15249
Add,  525191,  11098
Change,  885009,  13048
Change,  853444,  13078
Change,  884920,  13084
Change,  800323,  13062
Change,  860978,  13077
Change,  884973,  15862
Change,  893702,  13082
Add,  574044,  11098
Change,  823965,  13062
Change,  808588,  13088
Change,  877945,  13077
Add,  517504,  11092
Change,  485626,  10417
Change,  1157465,  13081
Change,  808588,  13088
Change,  613190,  10418
Change,  987459,  17158
Change,  884958,  15728
Change,  1116278,  13081
Change,  861034,  13082
Change,  794656,  13084
Change,  893683,  13048
Change,  1157518,  13088
Change,  942956,  13077
Change,  884889,  13073
Change,  893609,  13007
Change,  885036,  15249
Change,  1168624,  14376
Change,  1033047,  14376
Change,  1009174,  15862
Add,  710590,  12988
Change,  893639,  13079
Change,  877980,  13048
Change,  853394,  13024
Add,  823972,  13084
Change,  1100116,  13066
Add,  550014,  10988
Change,  1100101,  21476
Add,  542818,  11098
Add,  1044553,  15728
Change,  973373,  13091
Change,  893636,  13066
Add,  847806,  13082
Change,  919460,  13082
Add,  583696,  11098
Change,  839188,  13049
Change,  893650,  13077
Add,  574045,  11098
Change,  927383,  13073
Add,  823986,  13089
Change,  1033177,  13081
Add,  559698,  11098
Change,  1100117,  13066
Change,  1116244,  15728
Change,  485222,  10417
Change,  999427,  13078
Change,  847764,  13088
Change,  1033063,  13084
Change,  1100108,  17158
Change,  987402,  13088
Add,  1044537,  13024
Change,  853481,  15862
Change,  884890,  13073
Change,  877957,  13090
Add,  919427,  13081
Add,  500460,  11092
Change,  1116232,  21476
Change,  884978,  13077
Delete,  617067,  10417
Change,  927369,  13088
Change,  816310,  13077
Add,  533119,  10988
Change,  794649,  13007
Change,  885000,  13081
Change,  1033074,  13077
Change,  884857,  15728
Change,  483738,  10418
Change,  943021,  15728
Add,  973345,  15728
Change,  919409,  13088
Add,  867691,  13073
Change,  858856,  13049
Change,  877951,  13088
Change,  853384,  13084
Change,  495636,  10988
Change,  884893,  13073
Change,  860979,  13077
Change,  1100102,  21476
Change,  853447,  13007
Add,  542814,  11092
Change,  893591,  14376
Change,  861012,  13048
Add,  574033,  10988
Add,  574040,  11092
Change,  1033216,  13083
Add,  831439,  13084
Change,  839101,  13024
Change,  861030,  13084
Change,  893586,  13081
Change,  1033083,  13083
Change,  858848,  13078
Add,  500461,  11092
Change,  1157422,  17158
Change,  839196,  13077
Add,  557335,  11092
Change,  878056,  13090
Change,  1116275,  13073
Add,  808586,  13089
Change,  1157447,  13077
Change,  831395,  13088
Change,  878003,  13082
Change,  794672,  13089
Change,  884978,  13077
Change,  943049,  13073
Change,  1033200,  13084
Change,  860959,  15728
Change,  1168593,  15862
Change,  613190,  10418
Change,  484973,  10418
Change,  863512,  12988
Add,  1033025,  13088
Change,  839304,  13081
Change,  1009170,  13066
Change,  853320,  13024
Change,  973349,  13066
Add,  808546,  13081
Change,  1033176,  13073
Add,  586129,  10988
Add,  557336,  11092
Change,  853444,  13078
Change,  919386,  15728
Change,  877962,  13091
Change,  839305,  13081
Change,  800374,  13088
Change,  893564,  13077
Change,  1033110,  13049
Add,  800507,  13062
Change,  800319,  13062
Change,  858722,  15862
Change,  867668,  13077
Change,  839299,  13073
Change,  1157486,  13084
Change,  1157449,  13088
Add,  509600,  11092
Change,  943084,  13082
Change,  893611,  13084
Change,  987461,  17158
Change,  893698,  13084
Change,  893658,  13090
Change,  853428,  13081
Add,  831407,  13091
Change,  831402,  13090
Change,  847799,  13007
Change,  878101,  13084
Change,  943031,  15862
Add,  574042,  11098
Change,  1033182,  13081
Add,  867712,  13078
Change,  893647,  13077
Change,  1044565,  15862
Change,  1075477,  13078
Add,  533121,  10988
Add,  557331,  10988
Change,  893556,  15862
Change,  1100172,  13082
Add,  884966,  13066
Change,  884872,  13077
Change,  860960,  15728
Add,  794653,  13062
Add,  853415,  13088
Change,  853329,  13079
Add,  831439,  13084
Add,  919446,  13007
Change,  1100152,  14376
Change,  831403,  13090
Change,  483779,  10418
Add,  569282,  11092
Add,  839285,  13088
Add,  823923,  13077
Change,  1075500,  13082
Change,  884972,  15862
Change,  893591,  14376
Change,  1020270,  15862
Add,  884953,  13024
Change,  893635,  13066
Change,  884859,  13066
Change,  884875,  13088
Change,  839307,  14376
Change,  1033018,  13077
Change,  884896,  13081
Change,  1116285,  14376
Change,  987414,  13091
Change,  884875,  13088
Change,  943058,  13081
Change,  1144207,  21320
Change,  794666,  13082
Add,  867706,  13048
Change,  953735,  13024
Add,  800485,  13081
Change,  498110,  10418
Change,  794637,  13048
Add,  1009221,  13007
Change,  877949,  13088
Add,  602454,  10418
Change,  893649,  13077
Change,  884872,  13077
Change,  1033150,  13079
Change,  943003,  13082
Change,  839167,  13084
Add,  574046,  11098
Add,  839282,  13088
Add,  808573,  13084
Change,  942977,  13081
Change,  858750,  13073
Change,  860971,  15862
Change,  884985,  13090
Change,  893640,  13079
Add,  617874,  10417
Change,  943010,  13024
Add,  500465,  11098
Change,  885015,  13078
Add,  858787,  13082
Change,  878045,  15862
Change,  1144233,  13073
Change,  884876,  13088
Change,  794655,  13062
Change,  794727,  13024
Change,  853424,  13091
Change,  884861,  13066
Change,  884932,  15249
Change,  800412,  13062
Change,  1033066,  13082
Change,  953810,  13082
Add,  498110,  10418
Change,  853421,  13091
Add,  517512,  11098
Change,  1100152,  14376
Add,  823978,  13082
Change,  919431,  14376
Change,  893707,  15249
Change,  1033077,  13078
Add,  559690,  10988
Add,  593320,  10418
Change,  884941,  13077
Add,  500458,  10988
Change,  485631,  10418
Change,  927402,  13078
Add,  557339,  11098
Change,  1075486,  13084
Change,  858726,  13077
Change,  919420,  13073
Change,  885085,  13084
Change,  860997,  13073
Change,  839217,  13073
Add,  1033027,  13088
Change,  800515,  13084
Add,  831398,  13088
Change,  1033188,  13048
Change,  800280,  13077
Add,  794486,  13077
Change,  884860,  13066
Change,  858744,  13091
Change,  853372,  13078
Change,  893600,  13078
Change,  839256,  15109
Change,  861003,  13081
Change,  800471,  13088
Change,  1100132,  13088
Add,  559700,  11098
Change,  831373,  13024
Change,  1116303,  13082
Change,  884926,  13082
Change,  853370,  13078
Change,  794634,  13048
Change,  839290,  13090
Add,  858717,  13066
Change,  794675,  13089
Change,  839128,  13091
Add,  500459,  10988
Add,  853429,  13081
Change,  860994,  13091
Change,  853378,  13007
Change,  499297,  11092
Add,  858731,  13077
Change,  885035,  15249
Change,  893682,  13048
Add,  557337,  11092
Change,  893688,  13078
Change,  1033026,  13088
Change,  999479,  13084
Change,  943058,  13081
Add,  649522,  10417
Add,  583692,  11092
Change,  1079466,  13082
Change,  893705,  13082
Change,  919446,  13007
Change,  943001,  13082
Change,  1033069,  13082
Change,  885071,  13083
Change,  794671,  13089
Change,  927401,  13048
Change,  824070,  15249
Change,  893628,  13024
Change,  884913,  13078
Change,  853350,  13091
Change,  853479,  15862
Add,  533130,  11098
Add,  858843,  13077
Change,  878072,  13081
Add,  562101,  10988
Change,  800524,  13082
Change,  853365,  13048
Add,  617879,  10418
Change,  953803,  13084
Change,  861001,  13081
Change,  1033009,  13066
Change,  839270,  13049
Add,  533117,  10988
Change,  884999,  13081
Change,  1185768,  13090
Change,  877980,  13048
Add,  710590,  12988
Change,  831401,  13090
Add,  500461,  11092
Change,  943054,  13081
Change,  794634,  13048
Change,  884954,  13024
Add,  1009159,  17158
Change,  987510,  13081
Add,  808569,  13007
Change,  839279,  13077
Add,  1157484,  13084
Change,  943051,  13073
Change,  853390,  13024
Change,  884986,  13090
Change,  942976,  13081
Add,  877982,  13048
Change,  893724,  13049
Change,  893569,  13088
Add,  535527,  10988
Add,  500460,  11092
Change,  853445,  13007
Change,  878057,  13090
Change,  878108,  15249
Change,  942955,  13077
Delete,  498107,  10418
Change,  964823,  15728
Change,  893611,  13084
Change,  878083,  13048
Change,  943046,  13091
Change,  861031,  13084
Change,  884871,  13077
Change,  878015,  13083
Add,  831443,  13084
Change,  847793,  13078
Change,  884992,  13091
Add,  927397,  13048
Add,  858770,  13078
Change,  893603,  13078
Change,  1032997,  17158
Change,  1075482,  13007
Change,  1033175,  13073
Add,  517511,  11098
Change,  860975,  13077
Change,  1157486,  13084
Change,  1033049,  13048
Change,  877984,  13078
Add,  596491,  10417
Add,  576474,  10988
Change,  877954,  13090
Add,  816327,  13081
Change,  885016,  13078
Change,  884993,  13091
Change,  823908,  13024
Change,  1157444,  13077
Change,  1100104,  17158
Change,  919455,  13084
Add,  557334,  11092
Change,  1168646,  13082
Change,  884988,  13090
Change,  1100175,  13083
Change,  839252,  13082
Change,  964853,  13091
Change,  853344,  13088
Add,  808529,  13088
Change,  1020336,  13073
Add,  823971,  13007
Change,  942973,  13081
Change,  1044547,  17158
Add,  500465,  11098
Change,  1056045,  13007
Change,  1033209,  13082
Change,  877990,  13007
Change,  893543,  13024
Change,  987470,  13066
Change,  839258,  15109
Add,  839286,  13088
Add,  557336,  11092
Change,  878065,  13091
Add,  593320,  10418
Add,  831407,  13091
Change,  853388,  13082
Change,  794653,  13062
Change,  893592,  14376
Change,  794669,  13082
Add,  816318,  13090
Change,  884920,  13084
Add,  893646,  13077
Change,  794675,  13089
Change,  1032998,  17158
Change,  1009218,  13078
Change,  1056050,  13084
Add,  500458,  10988
Change,  1033006,  15728
Change,  885029,  13084
Add,  927414,  13084
Add,  710590,  12988
Add,  999378,  13066
Change,  893655,  13088
Change,  847754,  13073
Add,  867714,  13078
Change,  1033161,  13077
Change,  1075424,  15728
Change,  794654,  13062
Change,  893556,  15862
Change,  942998,  13084
Change,  794668,  13082
Change,  878088,  13078
Add,  494966,  10988
Change,  1033008,  13066
Change,  999435,  13084
Change,  800518,  13084
Change,  999439,  13082
Change,  1168687,  13082
Change,  839233,  13048
Change,  878108,  15249
Change,  953761,  13077
Add,  816335,  14376
Change,  853359,  14376
Change,  1044537,  13024
Add,  847765,  13088
Add,  853409,  13077
Change,  839294,  13091
Change,  794644,  13078
Add,  893698,  13084
Change,  494522,  10988
Change,  943016,  17158
Change,  953746,  15728
Change,  877952,  13088
Add,  517499,  10988
Change,  999428,  13007
Change,  1020387,  12989
Change,  884931,  15249
Add,  649087,  10418
Change,  831558,  13049
Add,  808569,  13007
Add,  847802,  13084
Change,  893590,  13081
Change,  853370,  13078
Change,  927347,  15728
Change,  893634,  15728
Change,  853381,  13084
Add,  800485,  13081
Change,  893663,  13091
Change,  839138,  13081
Add,  594325,  10418
Change,  893665,  13091
Change,  878044,  15862
Change,  860964,  13066
Change,  884891,  13073
Change,  1033016,  15862
Change,  942953,  13077
Change,  1116240,  17158
Change,  800388,  13091
Change,  839165,  13084
Change,  893674,  13081
Change,  943030,  15862
Change,  877958,  13091
Change,  847790,  13078
Change,  1116232,  21476
Change,  885051,  15728
Change,  1157518,  13088
Change,  1168578,  17158
Change,  839184,  13024
Change,  800518,  13084
Add,  800492,  13048
Add,  550015,  10988
Add,  517507,  11092
Change,  794645,  13078
Change,  1157477,  13007
Change,  884892,  13073
Change,  794624,  13081
Change,  878087,  13078
Change,  893563,  13077
Add,  893650,  13077
Change,  885021,  13007
Change,  853372,  13078
Change,  1056013,  13088
Change,  853432,  14376
Change,  1033139,  17158
Change,  919444,  13078
Change,  794649,  13007
Add,  823929,  13088
Change,  800466,  13077
Change,  1044579,  13090
Change,  893590,  13081
Change,  878086,  13078
Change,  943037,  13077
Change,  893557,  15862
Change,  1100113,  15728
Add,  498107,  10418
Change,  485631,  10418
Add,  953777,  13073
Add,  617875,  10417
Change,  853429,  13081
Change,  1033148,  13066
Change,  878068,  13073
Change,  877936,  13079
Change,  831430,  13062
Change,  877935,  13066
Add,  793829,  13049
Change,  839279,  13077
Change,  861021,  13007
Add,  617876,  10418
Change,  893549,  13066
Change,  877936,  13079
Add,  492748,  10417
Change,  999442,  13082
Add,  533127,  11098
Change,  878045,  15862
Add,  816327,  13081
Change,  794634,  13048
Change,  1157635,  13048
Change,  943018,  15728
Change,  484975,  10418
Change,  861010,  13048
Delete,  494966,  10988
Change,  823973,  13084
Add,  860978,  13077
Change,  853347,  13090
Change,  942944,  13066
Change,  800413,  13062
Change,  800460,  13073
Change,  942991,  13007
Change,  884909,  13078
Change,  1116228,  13024
Change,  884857,  15728
Change,  884986,  13090
Change,  1033136,  17158
Change,  1033036,  13073
Add,  853449,  13007
Change,  893654,  13088
Change,  1168582,  15728
Change,  861013,  13048
Add,  500469,  11098
Change,  878044,  15862
Add,  651256,  10417
Change,  999432,  13007
Change,  847784,  14376
Change,  853373,  13078
Change,  847753,  13073
Change,  942934,  17158
Change,  839209,  13090
Change,  1032996,  13024
Change,  884887,  13091
Add,  574045,  11098
Change,  885002,  13081
Change,  831389,  13077
Change,  800456,  13073
Change,  800263,  13066
Change,  910776,  17158
Change,  1075450,  13088
Change,  853372,  13078
Change,  999436,  13084
Change,  794656,  13084
Change,  853477,  15862
Add,  527746,  10988
Change,  1100108,  17158
Change,  794648,  13007
Change,  839189,  13066
Add,  550023,  11092
Change,  1100134,  13090
Change,  1116260,  13077
Change,  1075414,  21476
Add,  533120,  10988
Change,  800271,  13073
Add,  953777,  13073
Add,  511977,  11098
Add,  1033039,  13081
Change,  884850,  13024
Change,  943065,  13078
Change,  877950,  13088
Change,  1075461,  13081
Change,  1033002,  15728
Change,  919404,  13077
Change,  1033196,  13007
Change,  884975,  13077
Change,  794626,  13081
Change,  861019,  13078
Change,  861034,  13082
Change,  794636,  13048
Change,  498108,  10418
Add,  867662,  15862
Change,  867734,  15249
Change,  942991,  13007
Change,  1033047,  14376
Change,  964834,  15862
Change,  794682,  14376
Change,  1185747,  21320
Change,  884866,  15862
Change,  853437,  13048
Change,  1020272,  15862
Change,  943001,  13082
Change,  839110,  13079
Change,  794682,  14376
Change,  927400,  13048
Change,  1009194,  13091
Change,  942947,  13079
Change,  987455,  13024
Change,  839315,  13048
Change,  884932,  15249
Change,  884892,  13073
Add,  574033,  10988
Add,  676220,  13024
Add,  823941,  13091
Change,  839179,  15249
Change,  1032995,  13024
Change,  893643,  15862
Change,  885013,  13048
Change,  1157532,  15862
Change,  1009201,  13073
Change,  919414,  13090
Change,  1116245,  15728
Change,  884882,  13090
Add,  847771,  13091
Add,  535536,  11098
Change,  943021,  15728
Change,  800520,  13082
Add,  562111,  11098
Change,  927379,  13091
Change,  839171,  13082
Change,  794651,  13062
Change,  927346,  15728
Change,  884879,  13090
Change,  816348,  13062
Change,  853475,  15862
Change,  1129898,  13081
Change,  878075,  13081
Change,  999439,  13082
Change,  1033066,  13082
Change,  839221,  13081
Change,  1157455,  13090
Change,  860962,  13066
Add,  853397,  13066
Change,  861008,  14376
Add,  562108,  11092
Change,  1157492,  13083
Change,  1075455,  13090
Change,  1033037,  13073
Add,  535534,  11098
Change,  839124,  13090
Change,  1116295,  13007
Change,  793897,  13066
Add,  533124,  11092
Change,  884880,  13090
Change,  893663,  13091
Change,  1100137,  13090
Change,  878109,  15249
Change,  816292,  13024
Change,  823987,  13089
Add,  509598,  10988
Add,  492750,  10417
Add,  559689,  10988
Change,  1033039,  13081
Change,  1033194,  13007
Change,  858719,  13079
Change,  884870,  13077
Change,  1033159,  13077
Change,  1044538,  13024
Change,  884916,  13007
Add,  649096,  10417
Add,  499297,  11092
Change,  999426,  13078
Change,  893555,  15862
Change,  878065,  13091
Change,  853320,  13024
Add,  594142,  10418
Add,  927362,  13077
Add,  550026,  11098
Change,  853381,  13084
Add,  847753,  13073
Change,  860959,  15728
Change,  943063,  13048
Change,  839287,  13090
Change,  943066,  13078
Change,  860984,  13088
Add,  658780,  10417
Change,  823916,  13079
Change,  884971,  15862
Change,  884878,  13088
Change,  885070,  13083
Change,  1009189,  13090
Add,  501252,  11098
Change,  800467,  13088
Change,  987446,  13084
Change,  485630,  10417
Change,  800273,  13073
Change,  893681,  13048
Change,  884992,  13091
Change,  987488,  13088
Change,  877948,  13088
Change,  927377,  13091
Add,  867698,  13081
Change,  839283,  13088
Add,  831452,  13089
Add,  525191,  11098
Change,  858750,  13073
Change,  1033082,  13083
Change,  499297,  11092
Add,  500461,  11092
Add,  574045,  11098
Change,  839100,  13024
Change,  987488,  13088
Change,  1168566,  13024
Change,  943042,  13090
Change,  885012,  13048
Change,  800354,  13049
Change,  1009217,  13078
Change,  893673,  13081
Change,  861018,  13078
Add,  853403,  13073
Add,  800663,  13078
Change,  1033147,  13066
Change,  794626,  13081
Change,  893656,  13090
Add,  808569,  13007
Change,  1033146,  13066
Change,  893678,  14376
Add,  594137,  10417
Change,  853322,  13024
Change,  893549,  13066
Change,  1075477,  13078
Change,  884884,  13091
Change,  861001,  13081
Change,  1144225,  13088
Change,  1009228,  13084
Change,  999427,  13078
Change,  885000,  13081
Change,  919437,  13048
Change,  793895,  13066
Change,  1168581,  15728
Change,  893541,  13024
Change,  893687,  13078
Change,  823964,  13062
Change,  861007,  14376
Change,  884861,  13066
Change,  794673,  13089
Change,  484975,  10418
Change,  808526,  13077
Change,  893651,  13088
Change,  1033057,  13007
Change,  942927,  13024
Change,  919412,  13090
Add,  501247,  10988
Change,  893647,  13077
Change,  794675,  13089
Delete,  498110,  10418
Change,  823951,  14376
Add,  853451,  13084
Change,  853389,  13082
Change,  999433,  13007
Change,  884858,  13066
Change,  1033047,  14376
Change,  1009162,  15728
Add,  557341,  11098
Change,  884886,  13091
Change,  1100127,  13077
Change,  853343,  13088
Change,  1033084,  13082
Add,  509608,  11098
Change,  885071,  13083
Change,  853391,  13024
Change,  800313,  13078
Change,  885029,  13084
Add,  661547,  10417
Change,  884913,  13078
Change,  1116308,  13083
Change,  800340,  13082
Change,  794655,  13062
Change,  853449,  13007
Change,  884902,  14376
Change,  1033049,  13048
Change,  831412,  13081
Change,  1075476,  13078
Change,  942973,  13081
Change,  943084,  13082
Change,  893576,  13091
Change,  1157478,  13007
Change,  999433,  13007
Change,  800486,  13081
Change,  1044656,  13084
Change,  853352,  13091
Add,  858773,  13078
Add,  953764,  13090
Change,  877965,  13073
Change,  884888,  13091
Change,  1079432,  13073
Change,  839235,  13078
Change,  893581,  13073
Change,  1116306,  13082
Change,  794730,  13024
Add,  823937,  13090
Change,  942938,  15728
Add,  525191,  11098
Change,  999425,  13078
Change,  1100102,  21476
Change,  839325,  13007
Change,  853332,  13073
Change,  885094,  12989
Add,  987531,  13084
Change,  1033112,  13049
Change,  884916,  13007
Add,  500469,  11098
Change,  853435,  13048
Change,  484969,  10417
Change,  794649,  13007
Change,  953781,  13081
Change,  1009210,  14376
Change,  853438,  13048
Add,  525182,  10988
Change,  1033008,  13066
Change,  919447,  13007
Change,  1033058,  13007
Change,  1116305,  13082
Change,  861020,  13078
Change,  884869,  13077
Add,  525179,  10988
Change,  794624,  13081
Change,  919557,  17158
Change,  794642,  13078
Change,  877959,  13091
Change,  942968,  13073
Add,  1079389,  21476
Add,  576478,  11092
Change,  816317,  13090
Add,  823974,  13084
Change,  853392,  13024
Add,  509595,  10988
Add,  823974,  13084
Change,  823930,  13088
Change,  800392,  13081
Change,  927382,  13073
Change,  943064,  13048
Add,  839304,  13081
Change,  877966,  13073
Change,  884902,  14376
Change,  927401,  13048
Add,  1075488,  13082
Delete,  617501,  10417
Change,  1144306,  13072
Add,  583684,  10988
Change,  1009189,  13090
Change,  877971,  13081
Change,  861023,  13007
Change,  487760,  10418
Change,  861028,  13084
Change,  999436,  13084
Change,  893692,  13007
Change,  893559,  15862
Change,  884890,  13073
Change,  877977,  14376
Change,  893640,  13079
Change,  893551,  13066
Change,  884914,  13007
Change,  1157430,  15728
Change,  800499,  13078
Change,  884996,  13073
Change,  1033100,  21476
Change,  884873,  13077
Change,  1032999,  17158
Change,  893600,  13078
Add,  899772,  15249
Change,  1100107,  17158
Change,  1157439,  15862
Add,  593590,  10418
Change,  877983,  13078
Change,  1033009,  13066
Change,  987445,  13084
Add,  953764,  13090
Change,  861014,  13048
Add,  823926,  13077
Change,  800516,  13084
Change,  893631,  15728
Delete,  617065,  10417
Change,  831379,  13066
Add,  550026,  11098
Change,  942974,  13081
Add,  557328,  10988
Change,  823925,  13077
Change,  942941,  15728
Change,  999430,  13007
Change,  893580,  13073
Change,  878047,  13077
Change,  999436,  13084
Change,  987384,  13066
Change,  893594,  14376
Change,  987419,  13073
Add,  839296,  13091
Change,  885025,  13084
Change,  943019,  15728
Add,  823929,  13088
Change,  494964,  10988
Change,  877980,  13048
Change,  861028,  13084
Change,  794626,  13081
